actor,movie_or_TV_name
Fionn Whitehead,Great Expectations
Fionn Whitehead,Emily
Fionn Whitehead,The Duke
Fionn Whitehead,Voyagers
Fionn Whitehead,The Picture of Dorian Gray
Fionn Whitehead,Don't Tell a Soul
Fionn Whitehead,Port Authority
Fionn Whitehead,Roads
Fionn Whitehead,Black Mirror: Bandersnatch
Fionn Whitehead,The Children Act
Fionn Whitehead,Queers.
Fionn Whitehead,Dunkirk
Fionn Whitehead,HIM
Fionn Whitehead,Inside No. 9
Johnny Otto,Once Upon a Time… in Hollywood
Johnny Otto,Five Feet Apart
Johnny Otto,Between Worlds
Johnny Otto,Izzy Gets the F*ck Across Town
Johnny Otto,Darkest Hour
Johnny Otto,The Snowman
Johnny Otto,American Made
Johnny Otto,Dunkirk
Johnny Otto,A Cure for Wellness
Johnny Otto,John Wick: Chapter 2
Johnny Otto,The Girl on the Train
Johnny Otto,Independence Day: Resurgence
Johnny Otto,"Hail, Caesar!"
Johnny Otto,The 5th Wave
Johnny Otto,Sicario
Johnny Otto,Everest
Johnny Otto,American Ultra
Johnny Otto,The End of the Tour
Johnny Otto,Mr. Holmes
Johnny Otto,Jurassic World
Johnny Otto,Project Almanac
Johnny Otto,A Walk Among the Tombstones
Johnny Otto,Edge of Tomorrow
Johnny Otto,A Million Ways to Die in the West
Johnny Otto,Murder of a Cat
Johnny Otto,Man of Steel
Johnny Otto,Iron Man 3
Johnny Otto,Bullet to the Head
Johnny Otto,Django Unchained
Johnny Otto,Abraham Lincoln: Vampire Hunter
Johnny Otto,The Double
Johnny Otto,X-Men: First Class
Johnny Otto,RED
Michael Caine,Laughs and Larrikins
Michael Caine,Knights of Classic Drama at the BBC
Michael Caine,"Dirty, Sexy & Totally Iconic"
Michael Caine,The Great Escaper
Michael Caine,MCAINE. An Anagram of Cinema
Michael Caine,The Sound of 007
Michael Caine,Medieval
Michael Caine,Best Sellers
Michael Caine,Twist
Michael Caine,Come Away
Michael Caine,Tenet
Michael Caine,AGFA MYSTERY MIXTAPE #3: SEQUELITIS
Michael Caine,Four Kids and It
Michael Caine,An Accidental Studio
Michael Caine,The Man Who Got Carter
Michael Caine,Quincy
Michael Caine,King of Thieves
Michael Caine,Dear Dictator
Michael Caine,Sherlock Gnomes
Michael Caine,And the Winner Isn't
Michael Caine,My Generation
Michael Caine,Dunkirk
Michael Caine,Going in Style
Michael Caine,Now You See Me 2
Michael Caine,Our Queen at Ninety
Michael Caine,The Last Witch Hunter
Michael Caine,The Late Show with Stephen Colbert
Michael Caine,Close Up with The Hollywood Reporter
Michael Caine,Kingsman: The Secret Service Revealed
Michael Caine,Youth
Michael Caine,Inside Interstellar
Michael Caine,Kingsman: The Secret Service
Michael Caine,Interstellar
Michael Caine,Interstellar: Nolan's Odyssey
Michael Caine,Stonehearst Asylum
Michael Caine,Sir David Frost: That Was the Life That Was
Michael Caine,The Fire Rises: The Creation and Impact of The Dark Knight Trilogy
Michael Caine,Mr. Morgan's Last Love
Michael Caine,Now You See Me
Michael Caine,Ending the Knight
Michael Caine,The Dark Knight Rises
Michael Caine,Journey 2: The Mysterious Island
Michael Caine,Discovering Hamlet
Michael Caine,The Many Faces of... Michael Caine
Michael Caine,Cars 2
Michael Caine,Gnomeo & Juliet
Michael Caine,Inception
Michael Caine,Pinter's Progress
Michael Caine,Harry Brown
Michael Caine,Live from Studio Five
Michael Caine,Heath Ledger: A Tribute
Michael Caine,Is Anybody There?
Michael Caine,Valentino: The Last Emperor
Michael Caine,The Dark Knight
Michael Caine,Sleuth
Michael Caine,Flawless
Michael Caine,The Graham Norton Show
Michael Caine,Legends
Michael Caine,The Prestige: Now That's Magic
Michael Caine,The Foreign Eye
Michael Caine,Arte 1 Documenta
Michael Caine,The Prestige
Michael Caine,Children of Men
Michael Caine,The One Show
Michael Caine,The Weather Man
Michael Caine,Bewitched
Michael Caine,Batman Begins
Michael Caine,The Late Late Show with Craig Ferguson
Michael Caine,Around the Bend
Michael Caine,The Statement
Michael Caine,The Making Of 'The Italian Job'
Michael Caine,Secondhand Lions
Michael Caine,The Actors
Michael Caine,Quicksand
Michael Caine,The Quiet American
Michael Caine,Austin Powers in Goldmember
Michael Caine,Last Orders
Michael Caine,Miss Congeniality
Michael Caine,Quills
Michael Caine,Get Carter
Michael Caine,Shiner
Michael Caine,The Cider House Rules
Michael Caine,The Debtors
Michael Caine,Curtain Call
Michael Caine,Little Voice
Michael Caine,Shadow Run
Michael Caine,The View
Michael Caine,"20,000 Leagues Under the Sea"
Michael Caine,Mandela and de Klerk
Michael Caine,Elle s'appelait Françoise
Michael Caine,Blood and Wine
Michael Caine,The Daily Show with Trevor Noah
Michael Caine,Midnight in Saint Petersburg
Michael Caine,Bullet to Beijing
Michael Caine,The First 100 Years: A Celebration of American Movies
Michael Caine,Charlie Sheen's Stunts Spectacular
Michael Caine,Inside the Actors Studio
Michael Caine,On Deadly Ground
Michael Caine,Michael Caine: Breaking the Mold
Michael Caine,World War II: When Lions Roared
Michael Caine,Late Night with Conan O'Brien
Michael Caine,Sean Connery: Private
Michael Caine,The Muppet Christmas Carol
Michael Caine,Blue Ice
Michael Caine,The Tonight Show with Jay Leno
Michael Caine,Noises Off...
Michael Caine,Preminger: Anatomy of a Filmmaker
Michael Caine,Bullseye!
Michael Caine,Mr. Destiny
Michael Caine,Night Of 100 Stars III
Michael Caine,A Shock to the System
Michael Caine,Jekyll & Hyde
Michael Caine,"John Huston: The Man, the Movies, the Maverick"
Michael Caine,Dirty Rotten Scoundrels
Michael Caine,Jack the Ripper
Michael Caine,LIVE with Kelly and Ryan
Michael Caine,Without a Clue
Michael Caine,Surrender
Michael Caine,Acting
Michael Caine,Jaws: The Revenge
Michael Caine,The Making of Jaws The Revenge
Michael Caine,The Fourth Protocol
Michael Caine,Hero
Michael Caine,The Whistle Blower
Michael Caine,Half Moon Street
Michael Caine,Mona Lisa
Michael Caine,Sweet Liberty
Michael Caine,Hannah and Her Sisters
Michael Caine,The Holcroft Covenant
Michael Caine,Night of 100 Stars II
Michael Caine,The Golden Gong: The Story of Rank Films - British Cinema's Legendary Studio
Michael Caine,Water
Michael Caine,Terror in the Aisles
Michael Caine,The Jigsaw Man
Michael Caine,Blame It on Rio
Michael Caine,The Honorary Consul
Michael Caine,Educating Rita
Michael Caine,Monty Python's The Meaning of Life
Michael Caine,Deathtrap
Michael Caine,Escape to Victory
Michael Caine,The Hand
Michael Caine,Dressed to Kill
Michael Caine,The Island
Michael Caine,Beyond the Poseidon Adventure
Michael Caine,Ashanti
Michael Caine,California Suite
Michael Caine,The Swarm
Michael Caine,Inside 'the Swarm'
Michael Caine,A Bridge Too Far
Michael Caine,Silver Bears
Michael Caine,The Eagle Has Landed
Michael Caine,Harry and Walter Go to New York
Michael Caine,The Man Who Would Be King
Michael Caine,Peeper
Michael Caine,Rickles
Michael Caine,The Romantic Englishwoman
Michael Caine,The Wilby Conspiracy
Michael Caine,Der große Preis
Michael Caine,The Marseille Contract
Michael Caine,The Black Windmill
Michael Caine,Sleuth
Michael Caine,Pulp
Michael Caine,Kidnapped
Michael Caine,Zee and Co.
Michael Caine,V.I.P. Schaukel
Michael Caine,Get Carter
Michael Caine,The Last Valley
Michael Caine,Simon Simon
Michael Caine,Too Late the Hero
Michael Caine,Battle of Britain
Michael Caine,The Italian Job
Michael Caine,Male of the Species
Michael Caine,Play Dirty
Michael Caine,The Magus
Michael Caine,Deadfall
Michael Caine,The Dick Cavett Show
Michael Caine,Billion Dollar Brain
Michael Caine,Woman Times Seven
Michael Caine,Tonite Let's All Make Love in London
Michael Caine,Rowan & Martin's Laugh-In
Michael Caine,Hurry Sundown
Michael Caine,Funeral in Berlin
Michael Caine,Gambit
Michael Caine,The Wrong Box
Michael Caine,Alfie
Michael Caine,The Ipcress File
Michael Caine,Hamlet at Elsinore
Michael Caine,Zulu
Michael Caine,The Merv Griffin Show
Michael Caine,Solo for Sparrow
Michael Caine,The Day the Earth Caught Fire
Michael Caine,Walk a Crooked Mile
Michael Caine,The Bulldog Breed
Michael Caine,Deadline Midnight
Michael Caine,Foxhole in Cairo
Michael Caine,Edgar Wallace Mysteries
Michael Caine,Danger Within
Michael Caine,Passport to Shame
Michael Caine,The Two-Headed Spy
Michael Caine,The Adventures of William Tell
Michael Caine,Blind Spot
Michael Caine,The Key
Michael Caine,Carve Her Name with Pride
Michael Caine,How to Murder a Rich Uncle
Michael Caine,Blood Money
Michael Caine,A Hill in Korea
Michael Caine,The Adventures of Sir Lancelot
Michael Caine,Sailor Beware
Michael Caine,Armchair Theatre
Michael Caine,Tony Awards
Michael Caine,Navy Log
Michael Caine,Mark Saber
Michael Caine,The Oscars
Michael Caine,What's My Line?
Eric Richard,Reconnected
Eric Richard,Second Spring
Eric Richard,Dunkirk
Eric Richard,Forever Tomorrow
Eric Richard,Stutterer
Eric Richard,The Alan Clark Diaries
Eric Richard,The Storyteller
Eric Richard,Prick Up Your Ears
Eric Richard,Laughterhouse
Eric Richard,Number One
Eric Richard,The Bill
Eric Richard,Wayne and Albert
Eric Richard,"P'tang, Yang, Kipperbang"
Eric Richard,Mike Leigh: Making Plays
Eric Richard,Home Sweet Home
Eric Richard,Made in Britain
Eric Richard,Venom
Eric Richard,Omen III: The Final Conflict
Eric Richard,Shoestring
Eric Richard,Top Gear
Eric Richard,Mrs. Acland's Ghosts
Eric Richard,Play for Today
Harry Collett,Why Wouldn't I Be?
Harry Collett,House of the Dragon
Harry Collett,Dolittle
Harry Collett,Dead in a Week (Or Your Money Back)
Harry Collett,Dunkirk
Harry Collett,Ethel & Ernest
Harry Collett,Robbie Williams: One Night at the Palladium
Harry Collett,Casualty
Jack Riddiford,McDonald & Dodds
Jack Riddiford,Guns Akimbo
Jack Riddiford,Journey's End
Jack Riddiford,Murder on the Orient Express
Jack Riddiford,Dunkirk
Bill Milner,Midas Man
Bill Milner,The Flatshare
Bill Milner,Burial
Bill Milner,Waiting for the Barbarians
Bill Milner,Summer Night
Bill Milner,Apostle
Bill Milner,Stomping Grounds
Bill Milner,The Lodgers
Bill Milner,Dunkirk
Bill Milner,iBoy
Bill Milner,Anthropoid
Bill Milner,Winter
Bill Milner,Locke
Bill Milner,The 7.39
Bill Milner,Heart of Nowhere
Bill Milner,The Job Lot
Bill Milner,The Secret of Crickley Hall
Bill Milner,Broken
Bill Milner,X-Men: First Class
Bill Milner,Sex & Drugs & Rock & Roll
Bill Milner,Disco
Bill Milner,Mixtape
Bill Milner,Is Anybody There?
Bill Milner,Skellig
Bill Milner,Pop Art
Bill Milner,My Boy Jack
Bill Milner,Who Killed Mrs De Ropp?
Bill Milner,Son of Rambow
John Nolan,Dunkirk
John Nolan,The Dark Knight Rises
John Nolan,Person of Interest
John Nolan,Gotham Tonight
John Nolan,Batman Begins
John Nolan,Following
John Nolan,Simon & Simon
John Nolan,Enemy at the Door
John Nolan,Terror
John Nolan,1990
John Nolan,The Sweeney
John Nolan,In the Steps of a Dead Man
John Nolan,Kojak
John Nolan,Shabby Tiger
John Nolan,Bequest to the Nation
John Nolan,Thriller
John Nolan,Doomwatch
John Nolan,The Brady Bunch
John Nolan,The Prisoner
John Nolan,The Big Mouth
John Nolan,That Girl
John Nolan,The Roaring 20's
John Nolan,-30-
John Nolan,Dragnet
Tom Gill,Peterloo
Tom Gill,Dunkirk
Tom Gill,Eden Lake
Charley Palmer Rothwell,The Gunvors
Charley Palmer Rothwell,The Chelsea Cowboy
Charley Palmer Rothwell,Midas Man
Charley Palmer Rothwell,The Other Fellow
Charley Palmer Rothwell,Looted
Charley Palmer Rothwell,Diddly Squat
Charley Palmer Rothwell,Concrete Plans
Charley Palmer Rothwell,Play or Die
Charley Palmer Rothwell,Boo!
Charley Palmer Rothwell,Close
Charley Palmer Rothwell,Tom Clancy's Jack Ryan
Charley Palmer Rothwell,Patrick Melrose
Charley Palmer Rothwell,Beast
Charley Palmer Rothwell,Darkest Hour
Charley Palmer Rothwell,Dunkirk
Charley Palmer Rothwell,My Name Is Lenny
Charley Palmer Rothwell,iBoy
Charley Palmer Rothwell,Legend
Charley Palmer Rothwell,Jacked
Charley Palmer Rothwell,Our Girl
Charley Palmer Rothwell,The Guvnors
Charley Palmer Rothwell,Plastic
Charley Palmer Rothwell,Mayday
Charley Palmer Rothwell,Ripper Street
Calam Lynch,Benediction
Calam Lynch,Bridgerton
Calam Lynch,Black Beauty
Calam Lynch,Mrs Wilson
Calam Lynch,Derry Girls
Calam Lynch,Dunkirk
Kim Hartman,'Allo 'Allo! Forty Years of Laughter
Kim Hartman,Dunkirk
Kim Hartman,The Brittas Empire
Kim Hartman,Casualty
Kim Hartman,'Allo 'Allo!
Kim Hartman,Wogan
Kim Hartman,Grange Hill
Kim Hartman,Play for Today
Richard Sanderson,The Neverending Party
Richard Sanderson,La story des années 80
Richard Sanderson,Dunkirk
Richard Sanderson,On Wings of Eagles
Johnny Gibbon,Dunkirk
Johnny Gibbon,The Passing Bells
Johnny Gibbon,Pride
Jochum ten Haaf,Good Bad Girl
Jochum ten Haaf,The Spectacular
Jochum ten Haaf,Sunflowers
Jochum ten Haaf,Turbulent Skies
Jochum ten Haaf,Marionette
Jochum ten Haaf,Commando's
Jochum ten Haaf,A Stranger from the Past
Jochum ten Haaf,Stanley H.
Jochum ten Haaf,Wild
Jochum ten Haaf,Amsterdam Undercover
Jochum ten Haaf,The Resistance Banker
Jochum ten Haaf,Malik
Jochum ten Haaf,Dunkirk
Jochum ten Haaf,Het Verlangen
Jochum ten Haaf,Kamp Holland
Jochum ten Haaf,Accused
Jochum ten Haaf,Smeris
Jochum ten Haaf,Crossing Lines
Jochum ten Haaf,Tricked
Jochum ten Haaf,Shock Head Soul
Jochum ten Haaf,Godforsaken True Killers
Jochum ten Haaf,Den Uyl en de affaire Lockheed
Jochum ten Haaf,Back and Forth Day
Jochum ten Haaf,Onder de tafel
Jochum ten Haaf,Nightwatching
Jochum ten Haaf,Flikken Maastricht
Jochum ten Haaf,Anna
Jochum ten Haaf,Sportsman of the Century
Jochum ten Haaf,Vuurzee
Jochum ten Haaf,Medea
Jochum ten Haaf,Amazones
Jochum ten Haaf,"The Tulse Luper Suitcases, Part 3: From Sark to the Finish"
Jochum ten Haaf,Charles II: The Power and The Passion
Jochum ten Haaf,Vincent in Brixton
Jochum ten Haaf,Bad Girls
Harry Richardson,The Gilded Age
Harry Richardson,I've Been Thinking About What You Look Like
Harry Richardson,Total Control
Harry Richardson,Dunkirk
Harry Richardson,Doctor Thorne
Harry Richardson,Looking for Grace
Harry Richardson,Death in Paradise
Kevin Guthrie,The Land of Dreams
Kevin Guthrie,Concrete Plans
Kevin Guthrie,The English Game
Kevin Guthrie,Get Duked!
Kevin Guthrie,Connect
Kevin Guthrie,Fantastic Beasts: The Crimes of Grindelwald
Kevin Guthrie,Edie
Kevin Guthrie,Dunkirk
Kevin Guthrie,Fantastic Beasts and Where to Find Them
Kevin Guthrie,Whisky Galore
Kevin Guthrie,Sunset Song
Kevin Guthrie,The Legend of Barney Thomson
Kevin Guthrie,Two Doors Down
Kevin Guthrie,Sunshine on Leith
Kevin Guthrie,The Field of Blood
Elliott Tittensor,House of the Dragon
Elliott Tittensor,Dunkirk
Elliott Tittensor,Reg
Elliott Tittensor,North v South
Elliott Tittensor,Slap
Elliott Tittensor,The Selfish Giant
Elliott Tittensor,Spike Island
Elliott Tittensor,Boys On Film 4: Protect Me From What I Want
Elliott Tittensor,Moving On
Elliott Tittensor,Protect Me From What I Want
Elliott Tittensor,Shameless
Elliott Tittensor,Silent Witness
Brian Vernel,Kill
Brian Vernel,Slow Horses
Brian Vernel,Gangs of London
Brian Vernel,An English Tale
Brian Vernel,Papillon
Brian Vernel,Dunkirk
Brian Vernel,Star Wars: The Force Awakens
Brian Vernel,The Last Kingdom
Brian Vernel,The Casual Vacancy
Brian Vernel,Let Us Prey
Brian Vernel,Offender
Brian Vernel,The Field of Blood
Brian Vernel,Doctor Who
Michael Fox,Downton Abbey: A New Era
Michael Fox,Magpie
Michael Fox,Downton Abbey
Michael Fox,The Beach House
Michael Fox,Dunkirk
Michael Fox,The Ark
Michael Fox,Marvellous
Michael Fox,Good People
Michael Fox,New Worlds
Michael Fox,Endeavour
Michael Fox,Downton Abbey
Brett Lorenzini,Hillbilly Elegy
Brett Lorenzini,Or Best Offer
Brett Lorenzini,Dunkirk
Jack Cutmore-Scott,Frasier
Jack Cutmore-Scott,Training Wheels
Jack Cutmore-Scott,Tenet
Jack Cutmore-Scott,Waiting for Godot
Jack Cutmore-Scott,Magnum P.I.
Jack Cutmore-Scott,Deception
Jack Cutmore-Scott,Bad Match
Jack Cutmore-Scott,Dunkirk
Jack Cutmore-Scott,Cooper Barrett's Guide to Surviving Life
Jack Cutmore-Scott,The Go-Between
Jack Cutmore-Scott,Kingsman: The Secret Service
Bradley Hall,Sink
Bradley Hall,Dunkirk
Bradley Hall,Far from the Madding Crowd
Bradley Hall,Grantchester
Bradley Hall,Benjamin Britten: Peace and Conflict
Bradley Hall,Father Brown
Bradley Hall,Ripper Street
Bradley Hall,How TV Ruined Your Life
Bradley Hall,Rite
Bradley Hall,Mercy
Bradley Hall,Peep Show
Bradley Hall,Spider
Bradley Hall,Casualty
Miranda Nolan,How to Stop a Recurring Dream
Miranda Nolan,Dunkirk
Miranda Nolan,The Witness for the Prosecution
Miranda Nolan,Royal Shakespeare Company - Richard II
Miranda Nolan,The Dark Knight Rises
Miranda Nolan,Inception
Miranda Nolan,Casualty
Adam Long,These Broken Wings
Adam Long,Wolfe
Adam Long,Cherry
Adam Long,The Kill Team
Adam Long,The Corrupted
Adam Long,The Bay
Adam Long,Peterloo
Adam Long,Bancroft
Adam Long,Dunkirk
Adam Long,Don't Take My Baby
Adam Long,The Passing Bells
Adam Long,Happy Valley
Adam Long,The Thirteenth Tale
Adam Long,Father Brown
Adam Long,Spike Island
Adam Long,Vera
Adam Long,Moving On
Adam Long,On Sight
Adam Long,Act of Grace
Matthew Marsh,Tetris
Matthew Marsh,National Theatre Live: The Crucible
Matthew Marsh,The Nevers
Matthew Marsh,The Mauritanian
Matthew Marsh,West of Liberty
Matthew Marsh,Mr. Jones
Matthew Marsh,The Informer
Matthew Marsh,Whiskey Cavalier
Matthew Marsh,Tom Clancy's Jack Ryan
Matthew Marsh,Patrick Melrose
Matthew Marsh,The Little Vampire 3D
Matthew Marsh,Dunkirk
Matthew Marsh,Unlocked
Matthew Marsh,Churchill's Secret
Matthew Marsh,Capital
Matthew Marsh,The Coroner
Matthew Marsh,Humans
Matthew Marsh,Hafen der Düfte
Matthew Marsh,Jo
Matthew Marsh,Father Brown
Matthew Marsh,The Other Child
Matthew Marsh,Epithet
Matthew Marsh,Red Tails
Matthew Marsh,The Iron Lady
Matthew Marsh,Hidden
Matthew Marsh,Shirley
Matthew Marsh,The Special Relationship
Matthew Marsh,Luther
Matthew Marsh,The Turning Point
Matthew Marsh,Endgame
Matthew Marsh,How Not to Live Your Life
Matthew Marsh,Miss Marie Lloyd: Queen of the Music Hall
Matthew Marsh,Lewis
Matthew Marsh,Ô Jerusalem
Matthew Marsh,Lead Balloon
Matthew Marsh,Land of the Blind
Matthew Marsh,Century City
Matthew Marsh,The Thick of It
Matthew Marsh,An American Haunting
Matthew Marsh,Hawking
Matthew Marsh,Belonging
Matthew Marsh,The Return of the Dancing Master
Matthew Marsh,Wall of Silence
Matthew Marsh,Real Men
Matthew Marsh,The Commander
Matthew Marsh,Quicksand
Matthew Marsh,Bad Company
Matthew Marsh,Spooks
Matthew Marsh,Miranda
Matthew Marsh,Spy Game
Matthew Marsh,Murphy's Law
Matthew Marsh,The Cazalets
Matthew Marsh,"Lock, Stock..."
Matthew Marsh,Monarch of the Glen
Matthew Marsh,A Respectable Trade
Matthew Marsh,Getting Hurt
Matthew Marsh,Into the Blue
Matthew Marsh,Midsomer Murders
Matthew Marsh,Smilla's Sense of Snow
Matthew Marsh,Famous Fred
Matthew Marsh,Madson
Matthew Marsh,Death of a Salesman
Matthew Marsh,Sharman
Matthew Marsh,The Turnaround
Matthew Marsh,Bugs
Matthew Marsh,Game On
Matthew Marsh,Piccadilly Circus by Night
Matthew Marsh,Genghis Cohn
Matthew Marsh,Red Dwarf: Smeg Ups
Matthew Marsh,Dirty Weekend
Matthew Marsh,Peak Practice
Matthew Marsh,Heartbeat
Matthew Marsh,Barbed Wire
Matthew Marsh,Mountains of the Moon
Matthew Marsh,Anything More Would Be Greedy
Matthew Marsh,Flying in the Branches
Matthew Marsh,Franz Kafka's 'The Trial'
Matthew Marsh,Red Dwarf
Matthew Marsh,An Affair in Mind
Matthew Marsh,The Ruth Rendell Mysteries
Matthew Marsh,The Fourth Protocol
Matthew Marsh,Casualty
Matthew Marsh,The Marlowe Inquest
Matthew Marsh,In the Secret State
Matthew Marsh,The Comic Strip Presents
James D'Arcy,P.O.W.
James D'Arcy,Enemy of Man
James D'Arcy,Oppenheimer
James D'Arcy,North of Normal
James D'Arcy,Deadline
James D'Arcy,Warning
James D'Arcy,Red Election
James D'Arcy,Egregor
James D'Arcy,Leonardo
James D'Arcy,Six Minutes to Midnight
James D'Arcy,LX 2048
James D'Arcy,The Hot Zone
James D'Arcy,Life Like
James D'Arcy,Avengers: Endgame
James D'Arcy,Das Boot
James D'Arcy,The Dunkirk Spirit: Behind the Making of the Movie
James D'Arcy,Elizabeth: Our Queen
James D'Arcy,The Snowman
James D'Arcy,Dunkirk
James D'Arcy,Diana: 7 Days That Shook the Windsors
James D'Arcy,Guernica
James D'Arcy,Sky Safari: Australia
James D'Arcy,Survivor
James D'Arcy,Jupiter Ascending
James D'Arcy,Marvel's Agent Carter
James D'Arcy,Let's Be Cops
James D'Arcy,Those Who Kill
James D'Arcy,After the Dark
James D'Arcy,Broadchurch
James D'Arcy,Dinofish
James D'Arcy,The Making of a Lady
James D'Arcy,Hitchcock
James D'Arcy,In Their Skin
James D'Arcy,Cloud Atlas
James D'Arcy,The Domino Effect
James D'Arcy,Overnight
James D'Arcy,Homeland
James D'Arcy,W.E.
James D'Arcy,Screwed
James D'Arcy,Age of Heroes
James D'Arcy,The Flight of the Swan
James D'Arcy,Virtuality
James D'Arcy,Virtuality
James D'Arcy,Into the Storm
James D'Arcy,The Eastmans
James D'Arcy,Bonekickers
James D'Arcy,Flashbacks of a Fool
James D'Arcy,Secret Diary of a Call Girl
James D'Arcy,Rise: Blood Hunter
James D'Arcy,Mansfield Park
James D'Arcy,Fallen Angel
James D'Arcy,The Graham Norton Show
James D'Arcy,Them
James D'Arcy,Ancient Rome: The Rise and Fall of an Empire
James D'Arcy,The Closer
James D'Arcy,An American Haunting
James D'Arcy,Agatha Christie's Marple
James D'Arcy,Exorcist: The Beginning
James D'Arcy,Master and Commander: The Far Side of the World
James D'Arcy,Dot the I
James D'Arcy,Sherlock: Case of Evil
James D'Arcy,Sir Gawain and the Green Knight
James D'Arcy,The Inspector Lynley Mysteries
James D'Arcy,Come Together
James D'Arcy,Revelation
James D'Arcy,The Life and Adventures of Nicholas Nickleby
James D'Arcy,Rebel Heart
James D'Arcy,Guest House Paradiso
James D'Arcy,The Trench
James D'Arcy,Sunburn
James D'Arcy,The History of Tom Jones: A Foundling
James D'Arcy,The Canterville Ghost
James D'Arcy,A Dance to the Music of Time
James D'Arcy,Wilde
James D'Arcy,The Ice House
James D'Arcy,Dalziel & Pascoe
James D'Arcy,Silent Witness
James D'Arcy,Agatha Christie's Poirot
James D'Arcy,The Ruth Rendell Mysteries
Tom Nolan,Dune Drifter
Tom Nolan,Tenet
Tom Nolan,A Fistful of Lead
Tom Nolan,Dunkirk
Tom Nolan,Batman Begins
Will Attenborough,The Outpost
Will Attenborough,Hunter Killer
Will Attenborough,Where Hands Touch
Will Attenborough,Dunkirk
Will Attenborough,Denial
Will Attenborough,War and Peace
Will Attenborough,"You, Me and the Apocalypse"
Will Attenborough,Midwinter of the Spirit
Will Attenborough,Home Fires
Will Attenborough,Utopia
Will Attenborough,Father Brown
Will Attenborough,The Hollow Crown
Bobby Lockwood,Outside the Wire
Bobby Lockwood,Wings
Bobby Lockwood,Eurovision Song Contest: The Story of Fire Saga
Bobby Lockwood,The Outpost
Bobby Lockwood,Access All Areas
Bobby Lockwood,Dunkirk
Bobby Lockwood,Ransom
Bobby Lockwood,Honey 3: Dare to Dance
Bobby Lockwood,Mum's List
Bobby Lockwood,Friday Download: The Movie
Bobby Lockwood,The Dog Ate My Homework
Bobby Lockwood,Wolfblood
Bobby Lockwood,House of Anubis
Bobby Lockwood,101 Dalmatians II: Patch's London Adventure
Bobby Lockwood,Casualty
Bobby Lockwood,The Bill
Dean Ridge,Kamerad
Dean Ridge,The Lost Viking
Dean Ridge,Dunkirk
Dean Ridge,The Hippopotamus
Dean Ridge,Vikings
Callum Blake,Dunkirk
Mikey Collins,The Keeper
Mikey Collins,Dunkirk
Billy Howle,Sweet Dreams
Billy Howle,Kid Snow
Billy Howle,Under the Banner of Heaven
Billy Howle,Infinite Storm
Billy Howle,Chloe
Billy Howle,The Beast Must Die
Billy Howle,The Serpent
Billy Howle,Star Wars: The Rise of Skywalker
Billy Howle,The Interview
Billy Howle,MotherFatherSon
Billy Howle,Outlaw King
Billy Howle,The Seagull
Billy Howle,On Chesil Beach
Billy Howle,Dunkirk
Billy Howle,The Sense of an Ending
Billy Howle,The Witness for the Prosecution
Billy Howle,Cider with Rosie
Billy Howle,Glue
Billy Howle,New Worlds
Billy Howle,Vera
Constantin Balsan,Emily in Paris
Constantin Balsan,Dunkirk
Constantin Balsan,Napoleon: The Russian Campaign
Michel Biel,Un job en Or
Michel Biel,Summit Fever
Michel Biel,Sentinelle
Michel Biel,Emily in Paris
Michel Biel,Fist
Michel Biel,Murder In Saint Paul de Vence
Michel Biel,Dunkirk
Luke Thompson,Tikkun Olam
Luke Thompson,Bridgerton
Luke Thompson,Misbehaviour
Luke Thompson,Making Noise Quietly
Luke Thompson,National Theatre Live: King Lear
Luke Thompson,Kiss Me First
Luke Thompson,Hamlet
Luke Thompson,Dunkirk
Luke Thompson,The Complete Walk: Romeo and Juliet
Luke Thompson,Hampstead Theatre At Home: Tiger Country
Luke Thompson,Julius Caesar - Live at Shakespeare's Globe
Luke Thompson,In the Club
Luke Thompson,A Midsummer Night's Dream - Live at Shakespeare's Globe
Jack Lowden,The Gold
Jack Lowden,Slow Horses
Jack Lowden,Benediction
Jack Lowden,Small Axe
Jack Lowden,Kindred
Jack Lowden,Capone
Jack Lowden,Return to Real Kashmir FC
Jack Lowden,Fighting with My Family
Jack Lowden,The Long Song
Jack Lowden,Mary Queen of Scots
Jack Lowden,Calibre
Jack Lowden,The Dunkirk Spirit: Behind the Making of the Movie
Jack Lowden,England Is Mine
Jack Lowden,Dunkirk
Jack Lowden,Tommy's Honour
Jack Lowden,The Dreams of Bethany Mellmoth
Jack Lowden,A United Kingdom
Jack Lowden,Denial
Jack Lowden,War and Peace
Jack Lowden,Pan
Jack Lowden,Wolf Hall
Jack Lowden,The Passing Bells
Jack Lowden,'71
Jack Lowden,Ghosts
Jack Lowden,The Tunnel
Jack Lowden,uwantme2killhim?
Jack Lowden,Mrs Biggs
Jack Lowden,The Graham Norton Show
Tom Glynn-Carney,The Book of Clarence
Tom Glynn-Carney,Extinction
Tom Glynn-Carney,Untitled William S. Burroughs Project
Tom Glynn-Carney,Mayflies
Tom Glynn-Carney,SAS: Rogue Heroes
Tom Glynn-Carney,SAS Rogue Heroes
Tom Glynn-Carney,House of the Dragon
Tom Glynn-Carney,Salt Water Town
Tom Glynn-Carney,Rialto
Tom Glynn-Carney,Stilts
Tom Glynn-Carney,The King
Tom Glynn-Carney,Tolkien
Tom Glynn-Carney,Doing Money
Tom Glynn-Carney,The Dunkirk Spirit: Behind the Making of the Movie
Tom Glynn-Carney,The Last Post
Tom Glynn-Carney,Dunkirk
James Bloor,Less Than Zero
James Bloor,Shoplifters of the World
James Bloor,Barkskins
James Bloor,The Coldest Game
James Bloor,Benjamin
James Bloor,The Pagan King
James Bloor,Film Stars Don't Die in Liverpool
James Bloor,Leatherface
James Bloor,Dunkirk
James Bloor,Carnage: Swallowing the Past
James Bloor,Go North
James Bloor,Correspondence
James Bloor,Hansel and Gretel
Lee Armstrong,The Nevers
Lee Armstrong,An Innocent Kiss
Lee Armstrong,The Front Runner
Lee Armstrong,Dunkirk
Lee Armstrong,Ivide
Lee Armstrong,Midsomer Murders
Damien Bonnard,Poor Things
Damien Bonnard,Maître d’armes
Damien Bonnard,Le bonheur est pour demain
Damien Bonnard,Le Système Victoria
Damien Bonnard,The Peace and Love Process
Damien Bonnard,The Great Magic
Damien Bonnard,One Day When I Was Lost
Damien Bonnard,Ceux de la nuit
Damien Bonnard,The Sixth Child
Damien Bonnard,Bleat
Damien Bonnard,Yellow Saturday
Damien Bonnard,Lève tes morts
Damien Bonnard,The French Dispatch
Damien Bonnard,Censor of Dreams
Damien Bonnard,The Restless
Damien Bonnard,Only the Animals
Damien Bonnard,Apologie des Zèbres albinos
Damien Bonnard,Les Misérables
Damien Bonnard,An Officer and a Spy
Damien Bonnard,Madame
Damien Bonnard,White as Snow
Damien Bonnard,Curiosa
Damien Bonnard,The Wolf's Call
Damien Bonnard,La paix intérieure
Damien Bonnard,Through the Fire
Damien Bonnard,The Trouble with You
Damien Bonnard,Cross
Damien Bonnard,Thirst Street
Damien Bonnard,The Night of Plastic Bags
Damien Bonnard,9 Fingers
Damien Bonnard,Based on a True Story
Damien Bonnard,Dunkirk
Damien Bonnard,Les Misérables
Damien Bonnard,Loin de chez nous
Damien Bonnard,The Stopover
Damien Bonnard,Staying Vertical
Damien Bonnard,Vendeur
Damien Bonnard,Les bêtes sauvages
Damien Bonnard,Through the Air
Damien Bonnard,The Girls
Damien Bonnard,La terre penche
Damien Bonnard,Astragal
Damien Bonnard,Mercuriales
Damien Bonnard,Mon héros
Damien Bonnard,Le chant des sirènes
Damien Bonnard,La pièce manquante
Damien Bonnard,Augustine
Damien Bonnard,A Perfect Plan
Damien Bonnard,Orléans
Damien Bonnard,Le monde à l'envers
Damien Bonnard,Low Cost
Damien Bonnard,Outside the Law
Damien Bonnard,The Clink of Ice
Damien Bonnard,Junction
Aneurin Barnard,Hunters In The Dark
Aneurin Barnard,The Catch
Aneurin Barnard,1899
Aneurin Barnard,Making 1899
Aneurin Barnard,Time
Aneurin Barnard,The Pact
Aneurin Barnard,Barkskins
Aneurin Barnard,Radioactive
Aneurin Barnard,The Personal History of David Copperfield
Aneurin Barnard,The Goldfinch
Aneurin Barnard,Sherwood
Aneurin Barnard,Bigger
Aneurin Barnard,Dead in a Week (Or Your Money Back)
Aneurin Barnard,The Dunkirk Spirit: Behind the Making of the Movie
Aneurin Barnard,Dunkirk
Aneurin Barnard,Interlude In Prague
Aneurin Barnard,SS-GB
Aneurin Barnard,Bitter Harvest
Aneurin Barnard,Thirteen
Aneurin Barnard,War and Peace
Aneurin Barnard,Legend
Aneurin Barnard,The Scandalous Lady W
Aneurin Barnard,Killing Jesus
Aneurin Barnard,Cilla
Aneurin Barnard,Under Milk Wood
Aneurin Barnard,The Truth About Emanuel
Aneurin Barnard,Moonfleet
Aneurin Barnard,The Adventurer: The Curse of the Midas Box
Aneurin Barnard,Peaky Blinders
Aneurin Barnard,"Mary, Queen of Scots"
Aneurin Barnard,Trap for Cinderella
Aneurin Barnard,The White Queen
Aneurin Barnard,The Facility
Aneurin Barnard,Elfie Hopkins
Aneurin Barnard,Citadel
Aneurin Barnard,We'll Take Manhattan
Aneurin Barnard,Hunky Dory
Aneurin Barnard,Queen of Hearts
Aneurin Barnard,Powder
Aneurin Barnard,Ironclad
Aneurin Barnard,Elsewhere
Aneurin Barnard,Casualty
Harry Styles,Harry Styles: Daylight
Harry Styles,Harry Styles: The Finishing Touch
Harry Styles,My Policeman
Harry Styles,Don't Worry Darling
Harry Styles,Harry Styles: One Night Only in New York
Harry Styles,Eternals
Harry Styles,Camp! The Movie
Harry Styles,Rock and Roll Hall of Fame 2019 Induction Ceremony
Harry Styles,The Dunkirk Spirit: Behind the Making of the Movie
Harry Styles,Harry Styles: Live in Manchester
Harry Styles,Harry Styles at the BBC
Harry Styles,Dunkirk
Harry Styles,Harry Styles: Behind the Album
Harry Styles,Harry Styles: Behind the Album - The Performances
Harry Styles,Chelsea
Harry Styles,The Late Late Show with James Corden
Harry Styles,One Direction: The TV Special
Harry Styles,One Direction: Where We Are – The Concert Film
Harry Styles,1D Day
Harry Styles,Pink: Staying True
Harry Styles,One Direction: This Is Us
Harry Styles,London 2012 Olympic Closing Ceremony: A Symphony of British Music
Harry Styles,One Direction: Up All Night - The Live Tour
Harry Styles,One Direction: A Year in the Making
Harry Styles,Dynamo: Magician Impossible
Harry Styles,A League of Their Own
Harry Styles,Alan Carr: Chatty Man
Harry Styles,iCarly
Harry Styles,The Graham Norton Show
Harry Styles,America's Got Talent
Harry Styles,The X Factor
Harry Styles,The X Factor
Harry Styles,Teen Choice Awards
Harry Styles,Victoria's Secret Fashion Show
Harry Styles,Late Show with David Letterman
Harry Styles,Saturday Night Live
Harry Styles,The Grammy Awards
Barry Keoghan,Masters of the Air
Barry Keoghan,Boldest of Blood and Wildest of Heart: Making The Green Knight
Barry Keoghan,Untitled Barry Keoghan/Christopher Abbott Project
Barry Keoghan,Saltburn
Barry Keoghan,Sapphire
Barry Keoghan,On the Red Carpet Presents: The Banshees of Inisherin
Barry Keoghan,The Banshees of Inisherin
Barry Keoghan,The Batman
Barry Keoghan,Marvel Studios Assembled: The Making of Eternals
Barry Keoghan,Eternals
Barry Keoghan,The Green Knight
Barry Keoghan,Calm with Horses
Barry Keoghan,White
Barry Keoghan,Chernobyl
Barry Keoghan,Black '47
Barry Keoghan,American Animals
Barry Keoghan,The Dunkirk Spirit: Behind the Making of the Movie
Barry Keoghan,The Killing of a Sacred Deer
Barry Keoghan,Dunkirk
Barry Keoghan,Light Thereafter
Barry Keoghan,Trespass Against Us
Barry Keoghan,Candy Floss
Barry Keoghan,For You
Barry Keoghan,Mammal
Barry Keoghan,Traders
Barry Keoghan,Rebellion
Barry Keoghan,The Break
Barry Keoghan,Norfolk
Barry Keoghan,North
Barry Keoghan,Standby
Barry Keoghan,'71
Barry Keoghan,Stay
Barry Keoghan,Life's a Breeze
Barry Keoghan,Wasted
Barry Keoghan,King of the Travellers
Barry Keoghan,Stalker
Barry Keoghan,Stand Up!
Barry Keoghan,Between the Canals
Barry Keoghan,Love/Hate
Cillian Murphy,Kensuke's Kingdom
Cillian Murphy,Untitled Peaky Blinders Film
Cillian Murphy,Peaky Blinders: A peek behind the curtain
Cillian Murphy,Oppenheimer
Cillian Murphy,All of This Unreal Time
Cillian Murphy,A Quiet Place Part II
Cillian Murphy,Fight for First: Excel Esports
Cillian Murphy,A World of Calm
Cillian Murphy,I'm the Man
Cillian Murphy,Anna
Cillian Murphy,The Irish Revolution
Cillian Murphy,The Irish Revolution
Cillian Murphy,The Overcoat
Cillian Murphy,The Delinquent Season
Cillian Murphy,The Dunkirk Spirit: Behind the Making of the Movie
Cillian Murphy,The Party
Cillian Murphy,Dunkirk
Cillian Murphy,Free Fire
Cillian Murphy,How to Make a Ken Loach Film
Cillian Murphy,Anthropoid
Cillian Murphy,Versus: The Life and Films of Ken Loach
Cillian Murphy,In the Heart of the Sea
Cillian Murphy,Atlantic: The Wildest Ocean on Earth
Cillian Murphy,Ken Loach in Conversation with Cillian Murphy
Cillian Murphy,Lennon or McCartney
Cillian Murphy,Transcendence
Cillian Murphy,Aloft
Cillian Murphy,The Fire Rises: The Creation and Impact of The Dark Knight Trilogy
Cillian Murphy,Peaky Blinders
Cillian Murphy,Broken
Cillian Murphy,The Dark Knight Rises
Cillian Murphy,Red Lights
Cillian Murphy,In Time
Cillian Murphy,Retreat
Cillian Murphy,TRON: Legacy
Cillian Murphy,Inception
Cillian Murphy,Peacock
Cillian Murphy,Perrier's Bounty
Cillian Murphy,The Water
Cillian Murphy,The Dark Knight
Cillian Murphy,The Edge of Love
Cillian Murphy,Waveriders
Cillian Murphy,Watching the Detectives
Cillian Murphy,Sunshine
Cillian Murphy,The Silent City
Cillian Murphy,The Wind That Shakes the Barley
Cillian Murphy,The Making of 'Red Eye'
Cillian Murphy,Carry on Ken
Cillian Murphy,Breakfast on Pluto
Cillian Murphy,Red Eye
Cillian Murphy,Batman Begins
Cillian Murphy,The Late Late Show with Craig Ferguson
Cillian Murphy,Cold Mountain
Cillian Murphy,Girl with a Pearl Earring
Cillian Murphy,Intermission
Cillian Murphy,28 Days Later
Cillian Murphy,How Harry Became a Tree
Cillian Murphy,The Way We Live Now
Cillian Murphy,Disco Pigs
Cillian Murphy,On the Edge
Cillian Murphy,Watchmen
Cillian Murphy,Filleann an Feall
Cillian Murphy,A Man of Few Words
Cillian Murphy,Sunburn
Cillian Murphy,Eviction
Cillian Murphy,The Trench
Cillian Murphy,At Death's Door
Cillian Murphy,Sweety Barrett
Kenneth Branagh,Alien Love Triangle
Kenneth Branagh,A Haunting in Venice
Kenneth Branagh,Oppenheimer
Kenneth Branagh,This England
Kenneth Branagh,Death on the Nile
Kenneth Branagh,Fireheart
Kenneth Branagh,Looking at the World in a New Way: The Making of 'Tenet'
Kenneth Branagh,Tenet
Kenneth Branagh,Lost Lives
Kenneth Branagh,All Is True
Kenneth Branagh,Avengers: Infinity War
Kenneth Branagh,The Dunkirk Spirit: Behind the Making of the Movie
Kenneth Branagh,Murder on the Orient Express
Kenneth Branagh,Dunkirk
Kenneth Branagh,Branagh Theatre Live: The Entertainer
Kenneth Branagh,Mindhorn
Kenneth Branagh,Upstart Crow
Kenneth Branagh,Branagh Theatre Live: The Winter's Tale
Kenneth Branagh,The Late Show with Stephen Colbert
Kenneth Branagh,Marvel Studios: Assembling a Universe
Kenneth Branagh,Jack Ryan: Shadow Recruit
Kenneth Branagh,National Theatre Live: Macbeth
Kenneth Branagh,Stars In Shorts
Kenneth Branagh,London 2012 Olympic Opening Ceremony: Isles of Wonder
Kenneth Branagh,My Week with Marilyn
Kenneth Branagh,Discovering Hamlet
Kenneth Branagh,Thor: From Asgard to Earth
Kenneth Branagh,Comic-Con Episode IV: A Fan's Hope
Kenneth Branagh,Prodigal
Kenneth Branagh,With Great Power: The Stan Lee Story
Kenneth Branagh,A Night at the Movies: The Gigantic World of Epics
Kenneth Branagh,A Night at the Movies: The Suspenseful World of Thrillers
Kenneth Branagh,1939: Hollywood's Greatest Year
Kenneth Branagh,The Boat That Rocked
Kenneth Branagh,Valkyrie
Kenneth Branagh,Wallander
Kenneth Branagh,10 Days to War
Kenneth Branagh,Sleuth
Kenneth Branagh,James Ellis: An Actor's Life
Kenneth Branagh,The Graham Norton Show
Kenneth Branagh,El hormiguero 3.0
Kenneth Branagh,As You Like It
Kenneth Branagh,Walking with Monsters
Kenneth Branagh,Walking with Monsters
Kenneth Branagh,Warm Springs
Kenneth Branagh,The Goebbels Experiment
Kenneth Branagh,The Late Late Show with Craig Ferguson
Kenneth Branagh,Five Children and It
Kenneth Branagh,Cecil B. DeMille: American Epic
Kenneth Branagh,The Ellen DeGeneres Show
Kenneth Branagh,World War 1 in Colour
Kenneth Branagh,Following the Rabbit-Proof Fence
Kenneth Branagh,Real Time with Bill Maher
Kenneth Branagh,Harry Potter and the Chamber of Secrets
Kenneth Branagh,How to Kill Your Neighbor's Dog
Kenneth Branagh,The Tramp and the Dictator
Kenneth Branagh,Rabbit-Proof Fence
Kenneth Branagh,Shackleton
Kenneth Branagh,The Beasts Within
Kenneth Branagh,Triumph of the Beasts
Kenneth Branagh,Walking with Beasts
Kenneth Branagh,Conspiracy
Kenneth Branagh,Schneider's 2nd Stage
Kenneth Branagh,Big Al
Kenneth Branagh,Lon Chaney: A Thousand Faces
Kenneth Branagh,Love's Labour's Lost
Kenneth Branagh,The Road to El Dorado
Kenneth Branagh,The Making of Walking with Dinosaurs
Kenneth Branagh,Wild Wild West: Evil Devices
Kenneth Branagh,Wild Wild West: Loveless's Ladies
Kenneth Branagh,The Periwig-Maker
Kenneth Branagh,IMAX: Galapagos 3D
Kenneth Branagh,Walking with Dinosaurs
Kenneth Branagh,Wild Wild West
Kenneth Branagh,"It's a Whole New West: The Making of 'Wild, Wild West'"
Kenneth Branagh,The Theory of Flight
Kenneth Branagh,The Dance of Shiva
Kenneth Branagh,Universal Horror
Kenneth Branagh,Cold War
Kenneth Branagh,Celebrity
Kenneth Branagh,The Proposition
Kenneth Branagh,The Gingerbread Man
Kenneth Branagh,The View
Kenneth Branagh,Hamlet
Kenneth Branagh,Looking for Richard
Kenneth Branagh,Othello
Kenneth Branagh,Shadow of a Gunman
Kenneth Branagh,Cinema Europe: The Other Hollywood
Kenneth Branagh,Anne Frank Remembered
Kenneth Branagh,Mary Shelley's Frankenstein
Kenneth Branagh,It's Alive: The True Story of Frankenstein
Kenneth Branagh,Late Night with Conan O'Brien
Kenneth Branagh,Much Ado About Nothing
Kenneth Branagh,Swing Kids
Kenneth Branagh,Peter's Friends
Kenneth Branagh,Dead Again
Kenneth Branagh,Discovering Hamlet
Kenneth Branagh,Henry V
Kenneth Branagh,Look Back in Anger
Kenneth Branagh,Thompson
Kenneth Branagh,American Experience
Kenneth Branagh,Fortunes of War
Kenneth Branagh,High Season
Kenneth Branagh,Ghosts
Kenneth Branagh,Lorna
Kenneth Branagh,A Month in the Country
Kenneth Branagh,The Lady's Not For Burning
Kenneth Branagh,Coming Through
Kenneth Branagh,The Boy in the Bush
Kenneth Branagh,A Coming to Terms for Billy
Kenneth Branagh,A Matter of Choice for Billy
Kenneth Branagh,To the Lighthouse
Kenneth Branagh,Easter 2016
Kenneth Branagh,Wogan
Kenneth Branagh,Too Late to Talk to Billy
Kenneth Branagh,Play for Today
Kenneth Branagh,The Oscars
Mark Rylance,The Brutalist
Mark Rylance,The Way of the Wind
Mark Rylance,Bones and All
Mark Rylance,Inland
Mark Rylance,The Undeclared War
Mark Rylance,The Outfit
Mark Rylance,The Phantom of the Open
Mark Rylance,Don't Look Up
Mark Rylance,Bing’s Christmas and Other Stories
Mark Rylance,The Trial of the Chicago 7
Mark Rylance,My Grandparents' War
Mark Rylance,Waiting for the Barbarians
Mark Rylance,Nothing Is Truer than Truth
Mark Rylance,Ready Player One
Mark Rylance,The Dunkirk Spirit: Behind the Making of the Movie
Mark Rylance,Dunkirk
Mark Rylance,The BFG
Mark Rylance,Bridge of Spies
Mark Rylance,The Gunman
Mark Rylance,Wolf Hall
Mark Rylance,Days and Nights
Mark Rylance,Bing
Mark Rylance,We Are Many
Mark Rylance,Muse of Fire
Mark Rylance,Twelfth Night
Mark Rylance,Anonymous
Mark Rylance,Blitz
Mark Rylance,Inside The Institute
Mark Rylance,The Other Boleyn Girl
Mark Rylance,Shakespeare's Globe
Mark Rylance,The Government Inspector
Mark Rylance,Measure for Measure: Live from The Globe
Mark Rylance,Richard II - Live at Shakespeare's Globe
Mark Rylance,Leonardo
Mark Rylance,Much Ado About Something
Mark Rylance,Intimacy
Mark Rylance,Henry V at Shakespeare's Globe
Mark Rylance,Loving
Mark Rylance,Angels and Insects
Mark Rylance,"Institute Benjamenta, or This Dream People Call Human Life"
Mark Rylance,Love Lies Bleeding
Mark Rylance,In Lambeth
Mark Rylance,The Grass Arena
Mark Rylance,Prospero's Books
Mark Rylance,Hearts of Fire
Mark Rylance,The McGuffin
Mark Rylance,Wallenberg: A Hero's Story
Mark Rylance,Great Performances
Tom Hardy,The Bikeriders
Tom Hardy,Untitled Peaky Blinders Film
Tom Hardy,Untitled Channing Tatum and Tom Hardy Drama
Tom Hardy,The Things They Carried
Tom Hardy,Mad Max: Black & Chrome
Tom Hardy,Venom 3
Tom Hardy,Havoc
Tom Hardy,Mad Max: The Wasteland
Tom Hardy,Shackleton
Tom Hardy,War Party
Tom Hardy,"My War Gone By, I Miss It So"
Tom Hardy,Predators
Tom Hardy,Spider-Man: No Way Home
Tom Hardy,Venom: Let There Be Carnage
Tom Hardy,All or Nothing: Tottenham Hotspur
Tom Hardy,Capone
Tom Hardy,Venom
Tom Hardy,Going Mad: The Battle of Fury Road
Tom Hardy,Dunkirk
Tom Hardy,Taboo
Tom Hardy,The Revenant
Tom Hardy,Legend
Tom Hardy,"The Five Wives: So Shiny, So Chrome"
Tom Hardy,Maximum Fury: Filming 'Fury Road'
Tom Hardy,The Road Warriors: Max and Furiosa
Tom Hardy,London Road
Tom Hardy,Mad Max: Fury Road
Tom Hardy,Child 44
Tom Hardy,The Drop
Tom Hardy,Locke
Tom Hardy,The Fire Rises: The Creation and Impact of The Dark Knight Trilogy
Tom Hardy,Peaky Blinders
Tom Hardy,Heroes and Demons
Tom Hardy,Ending the Knight
Tom Hardy,Lawless
Tom Hardy,The Dark Knight Rises
Tom Hardy,This Means War
Tom Hardy,Redemption: Bringing Warrior to Life
Tom Hardy,Tinker Tailor Soldier Spy
Tom Hardy,Warrior
Tom Hardy,"Sergeant Slaughter, My Big Brother"
Tom Hardy,Inception
Tom Hardy,Wuthering Heights
Tom Hardy,The Take
Tom Hardy,Perfect
Tom Hardy,Thick as Thieves
Tom Hardy,Bronson
Tom Hardy,RocknRolla
Tom Hardy,Sucker Punch
Tom Hardy,Oliver Twist
Tom Hardy,The Inheritance
Tom Hardy,Stuart: A Life Backwards
Tom Hardy,Flood
Tom Hardy,Meadowlands
Tom Hardy,WΔZ
Tom Hardy,Scenes of a Sexual Nature
Tom Hardy,Marie Antoinette
Tom Hardy,A for Andromeda
Tom Hardy,Minotaur
Tom Hardy,The Virgin Queen
Tom Hardy,Sweeney Todd
Tom Hardy,Gideon's Daughter
Tom Hardy,Supernatural
Tom Hardy,Colditz
Tom Hardy,Colditz - Flucht in die Freiheit
Tom Hardy,Layer Cake
Tom Hardy,The Reckoning
Tom Hardy,EMR
Tom Hardy,LD 50 Lethal Dose
Tom Hardy,Dot the I
Tom Hardy,Star Trek: Nemesis
Tom Hardy,Deserter
Tom Hardy,Black Hawk Down
Tom Hardy,Band of Brothers
Tom Hardy,Get a Grip
Tom Hardy,Tommaso
Tom Hardy,GMTV
Tom Hardy,This Morning
